row_id,id,owner_account,username,full_name,follower_count,following_count,posts_count,is_verified,is_private,biography,external_url,category,priority,has_been_messaged,created_at
32f2f151-db48-4aa6-b067-03c84c712a6c,8529968680,bccherrytree,tossed_boyhk,Harry Kim,923,1545,1,false,false,"la | @calpolypomona
@cppxc_tf tm
2-0 in CA PMT/PKB
á”á“áŸ’ááŠá¾ášá€á¼á“ááŸ’á˜áŸ‚áš
ğŸŒ‘ğŸ ğŸ‡°ğŸ‡­",,,1,false,2026-02-10T05:58:46.324+00:00
d1b72bd7-9131-47a0-aeb4-2b9f1a0f6160,57522394085,bccherrytree,y.sean.yeh,Sean Yeh,424,453,0,false,true,tsa â€˜26 ğŸ‡¹ğŸ‡¼,,,1,false,2026-02-10T05:58:46.324+00:00
2063ccf6-af84-46b6-86ad-b8f4a6550d72,54000051066,bccherrytree,sacob_yi,Jacob Yi,392,468,3,false,true,,,,1,false,2026-02-10T05:58:46.324+00:00
856804f5-402e-4fea-bef0-f8dfe3ca9d16,57172896823,bccherrytree,everett_lane.1,Everett Lane,145,141,6,false,true,Uhh,,,1,false,2026-02-10T05:58:46.324+00:00
8bf36ba1-c7ef-47cd-827c-65895e426a28,61229060716,bccherrytree,griffinnmancini,Griffin Mancini,214,262,4,false,true,,,,1,false,2026-02-10T05:58:46.324+00:00
1c9bde70-edc6-4100-b877-6754727528c4,57544025735,bccherrytree,19asteria,ahri !,539,469,3,false,true,"-âˆ§,,,âˆ§   â€ â€ â€â€  â€ â€ â€ â€ â€ â€  â€  â€ â€ â€      ğŸ‘¢ğŸˆ @bcfc.fanclub 
(Â  Ì³â€¢ Â· â€¢ Ì³)        
/Â Â Â  ã¥ ğŸ–¤ .. , .   ,,   â€     woof woof
- ğŸ‡»ğŸ‡³",,,1,false,2026-02-10T05:58:46.324+00:00
093562aa-d9da-4474-a57e-9919493bda2c,76580228753,dennipics,so._.sora01,ì„œìœ ë¼,54,55,0,false,false,,,,1,false,2026-02-10T05:59:44.154+00:00
fbcfd8fc-0434-433f-9ef2-97e884624fde,80038256019,dennipics,eyr0ndsm,,71,100,0,false,true,,,,1,false,2026-02-10T05:59:44.154+00:00
25fd4e76-ad8e-4b95-abb7-3127e52022c3,62666190628,dennipics,ekaekk1s,ì„œì—°,123,166,0,false,false,,,,1,false,2026-02-10T05:59:44.154+00:00
d951bbff-b724-4647-8f28-f8952bb69505,72366976104,dennipics,xe_xeonx.7,ì„¸ì •,97,102,1,false,true,,,,1,false,2026-02-10T05:59:44.154+00:00
08021ee4-8eed-464a-a9fc-a0298ea6fcde,50850050916,dennipics,kernelpanic.404,Frederick Ernst,66,90,0,false,true,TSASM â€˜26,,,1,false,2026-02-10T05:59:44.154+00:00
f5c56181-0c47-438f-bc2d-7a776e716543,60356378764,bccherrytree,jor_2322,jordan rowe,360,494,0,false,true,,,,1,false,2026-02-10T05:58:46.324+00:00
e7c8c283-b180-41c1-9a8a-7cc54fa25bc2,47212313410,bccherrytree,whoseremein,ser,583,445,0,false,false,@seremeinnn,,,1,false,2026-02-10T05:58:46.324+00:00
fead09ea-51da-475f-b092-c7763c2f9290,61781179136,bccherrytree,tigerbenji123,Benjamin,309,372,3,false,true,334C |,,,1,false,2026-02-10T05:58:46.324+00:00
4397c574-7119-465c-aceb-c5418c1f3a16,64813057133,bccherrytree,dandandreams,,1,2,0,false,false,â€¦ if sheâ€™s Korean I mean,,,1,false,2026-02-10T05:58:46.324+00:00
ae64fa08-281e-491b-b56b-7bdcdd2196aa,44763777840,dennipics,_jeremykim,Jeremy Kim,287,276,9,false,true,,,,1,false,2026-02-10T05:59:44.154+00:00
6c823961-d8dd-4441-9d7f-7ff6d0c92f4a,44376367176,bccherrytree,its_katie17_lol,katie,573,1208,3,false,true,"Psalm 73 : 26
tsa '28
#27 ğŸ",,,1,false,2026-02-10T05:58:46.324+00:00
cd3abdf4-b140-4c14-b109-f4ff04a4997b,38587591893,bccherrytree,haileyyyeeee,Hailey,413,503,0,false,true,@haileychurl,,,1,false,2026-02-10T05:58:46.324+00:00
7a9099a4-4993-4aea-b952-a442690a42d4,69398510251,bccherrytree,tsa.redcross,TSA Red Cross Club,114,126,40,false,false,"ğŸ“Œ Volunteer, learn about CPR, First Aid, Disaster Prep
ğŸ“Œ Every Tuesday in Ms. Geiko's room (N301)
ğŸ“Œ Resources & sign-ups! â¬‡ï¸",https://docs.google.com/forms/d/e/1FAIpQLSe3uT3aEYzZ5v76t0eBRlHtwww0jxzuKk5q8RQMrBAiFxhcYA/viewform,health,4,false,2026-02-10T05:58:46.324+00:00
8df8e095-4ed9-4541-b281-68957665951d,50057497511,bccherrytree,penhas4vp,PENHAS 4 VP,91,244,8,false,false,"@ryan_penhas 
election day: may 31
science academy STEM magnet",,education,2,false,2026-02-10T05:58:46.324+00:00
d16df1fe-afb4-441b-accc-c75d2e20a504,68339311331,bccherrytree,outdoor_stoics,Outdoor Stoics,752,1720,48,false,false,"â›°ï¸ GH Hiking Club ğŸï¸
â›°ï¸ Meetings every other Tuesday room J8
â›°ï¸ Co-pres: @julieanndup + @iiancn + @_vvero",,education,3,false,2026-02-10T05:58:46.324+00:00
b6f69942-f457-40f4-b610-725847243b4f,67456944371,bccherrytree,tsasportsmedicine,Science Academy Sports Medicine Club,41,104,1,false,false,"Biweekly Tuesday in Mr. Shepherds (N302)
Bring your friends!",,education,2,false,2026-02-10T05:58:46.324+00:00
ba754a1d-5192-44aa-a96a-ed94ec7e59a2,64995053006,dennipics,hhoojl09,í˜œë¦°,173,748,0,false,true,,,,1,false,2026-02-10T05:59:44.154+00:00
29c382e6-9964-454f-a1d7-13c949e2e10c,63131368089,bccherrytree,scacadgossip,The hacker,96,301,0,false,true,POSTS WILL BE TAKEN DOWN 15 MINUTES AFTER BEING POSTED.,https://forms.gle/17zEqASTa88W8uqB6,,1,false,2026-02-10T05:58:46.324+00:00
d51ef2ab-8880-43a9-9ed9-9f30c7af0b82,7191729381,bccherrytree,seoyoon_.lee,yoon â™¡,1135,1022,0,false,true,"la | @pennengineering
. ğŸ’Œ âš˜ï¸ ğŸµ .",,,1,false,2026-02-10T05:58:46.324+00:00
0ef172d7-d3c5-4efb-b508-7254b4226077,64388189240,bccherrytree,haileychurl,Hails,130,143,6,false,true,ğŸˆğŸˆğŸˆ,,,1,false,2026-02-10T05:58:46.324+00:00
a661cdf3-7d9b-4e08-b70c-7bfb37a05ba4,26788262141,bccherrytree,polyestie,not esther,140,143,93,false,true,"u don't like my clothes but u still like my smile
@whalenapper",,,1,false,2026-02-10T05:58:46.324+00:00
6701e347-3195-4907-b0c3-ac5896809d47,58297320959,bccherrytree,ateen.v,ateen.v,194,304,0,false,false,"tsa
â€˜27
#2ğŸ€",,,1,false,2026-02-10T05:58:46.324+00:00
e85a193f-7690-4d58-9dac-7fa6611c34f7,53612365834,bccherrytree,nathan_c4nlas,Nathan Canlas,1012,1174,2,false,true,"â€˜26 | @ucsdfencing â€˜30
LA
ğŸ‡µğŸ‡­",,,1,false,2026-02-10T05:58:46.324+00:00
e7375865-4e11-4bab-a765-b26f6f455ab1,54020561121,bccherrytree,di._.llon,Dillon,179,197,2,false,false,11444X,,,1,false,2026-02-10T05:58:46.324+00:00
2acf4d66-5726-4bac-9b60-83c1574b46d0,9872523863,bccherrytree,_siwoo.c,Siwoo Choi,661,731,5,false,true,"6'8 260lbs
@hallyuapparel.co",,,1,false,2026-02-10T05:58:45.687+00:00
41fa6ddb-2c57-47f0-adb9-92f15d984760,32221948526,bccherrytree,galinstaa,Galileo Skye Chrisman Caro,567,1506,105,false,false,"El Galileo
Classical Pianist
787 + 818ğŸ‡µğŸ‡·
@galiktok on TikTok
@derrosenklavier",https://youtube.com/@galileoskyechrismancaro365,,4,false,2026-02-10T05:58:45.687+00:00
39b16193-413a-4cac-8e80-a149cea4335a,64532590371,bccherrytree,rhino.6622_grang,Janessa Shin,904,2566,27,false,true,@ìŒì•…,,music,2,false,2026-02-10T05:58:45.687+00:00
d0c76485-c4a3-416b-8bba-8f02133d324d,49448753696,bccherrytree,terriuskim5,terry,466,575,0,false,true,"tsa 26
@hallyuapparel.co",,,,false,2026-02-10T05:58:46.897+00:00
2cb10985-8912-4dbb-b62b-27f74e9401e9,78241998227,bccherrytree,67gooners_,Daniel/Hailey,66,65,2,false,false,Cafe Review Account ğŸ˜ğŸ˜,,,2,false,2026-02-10T05:58:45.687+00:00
ce37152f-4f91-456c-949d-afb6abec4e1a,77799560567,bccherrytree,tsa.tabletennisclub,TSA Table Tennis Club,68,134,0,false,false,"âœ‰ï¸ Meetings: Wednesday in Zhangâ€™s during Lunch
ğŸ“ Come play table tennis with us! 
âœ¨ DM us to join our club today!",,,2,false,2026-02-10T05:58:45.687+00:00
1fb2bfea-88d8-476e-bbde-a51b5cb8a87e,68248820486,bccherrytree,apollo_colligan,Apollo Colligan,208,157,1,false,true,LA,,,1,false,2026-02-10T05:58:45.687+00:00
f3e8ce49-0147-470d-bc2d-010a3077790b,62518510487,bccherrytree,nnick.mm,nicholas,361,361,0,false,true,"tsa 27 | 334u
@ayaka._.dv ğŸ¤",,,1,false,2026-02-10T05:58:45.687+00:00
ddf486b6-0265-465d-84b8-a02c80963808,67482266231,bccherrytree,nickkane333,Nick Kane,308,399,0,false,false,"tsa 29â€™
âš¾ï¸ğŸ€",,,1,false,2026-02-10T05:58:45.687+00:00
1e2b38e7-cd71-4598-9216-e5b11c34fd8a,37778317146,bccherrytree,iden.stein,Iden Stein,477,502,0,false,true,"tsa '26
ğŸ‡ºğŸ‡¸ğŸ‡°ğŸ‡·",,,,false,2026-02-10T05:58:46.897+00:00
e9806e7b-c456-445b-9277-6cdf3e7a29f1,62725497968,bccherrytree,ume.jg,ume ğŸ‰,1093,1143,16,false,true,@ume.boshii_,,,1,false,2026-02-10T05:58:46.324+00:00
da37c32c-f9d7-4cf6-9d78-4e46d65224fb,26557176841,bccherrytree,gracieshannonsanborn,gracie,316,252,0,false,true,ğŸŒŒğŸï¸ğŸŒ…,,,1,false,2026-02-10T05:58:46.897+00:00
d263fdb5-b8ea-4429-b90f-7d915ce7ff25,74096609198,bccherrytree,fishyfish519,payton,204,198,3,false,false,"infj
@pay.tuna",,,1,false,2026-02-10T05:58:45.687+00:00
a177a9bf-5bff-49be-8556-a87880db8c48,48561110936,bccherrytree,dashielljw,Dashiell,618,657,6,false,true,@dashiellplaysguitar ğŸ¸,,,1,false,2026-02-10T05:58:45.687+00:00
bcaa22f2-ec7b-4aae-bff3-d62c44b536c5,44763777840,bccherrytree,_jeremykim,Jeremy Kim,287,276,9,false,true,,,,1,false,2026-02-10T05:58:45.687+00:00
138e9faf-af42-4c15-8c4b-6995e08d05b6,74990835721,bccherrytree,sciacaddebate,Science Academy Speech and Debate,162,218,10,false,false,meetings every Tuesday at Mr. Castano's room,,education,3,false,2026-02-10T05:58:45.687+00:00
7c4d2d8e-cc0f-4a16-8bbf-5aa7e5def876,53881812844,bccherrytree,chaewonn.08,erin youn,1301,1322,2,false,true,@oasis.c.c,,,1,false,2026-02-10T05:58:46.897+00:00
553bc384-7c1e-4157-b5b5-6bcfb988732a,35343353477,bccherrytree,kbaum.57,Kbaum57,457,693,146,false,false,,,,2,false,2026-02-10T05:58:46.897+00:00
f11de1a6-498f-4fb8-b60f-a48415119093,60632052596,bccherrytree,eero.wolfe,eero,624,621,0,false,true,"tsa 27                                                                  
334C",,,1,false,2026-02-10T05:58:46.897+00:00
037ce909-2d95-4c7a-914f-63a822ddd872,59918419108,bccherrytree,zainmour,zain m,550,470,0,false,true,vphs,,,1,false,2026-02-10T05:58:46.897+00:00
124ef0f0-3296-489a-a4b7-e90f900a4b97,62033905688,bccherrytree,laadag7,Uuganbaatar,334,763,4,false,false,ğŸ•°ï¸,,,1,false,2026-02-10T05:58:45.687+00:00
bd443bd2-b962-4a6b-a4f2-6bf830335ffd,61229903713,bccherrytree,mirayaliza,Mireille Elizabeth Yankelevich,1071,1849,26,false,true,"ğŸ‡®ğŸ‡±ğŸ‡ºğŸ‡¦ğŸ‡ºğŸ‡¸  âœ¡ï¸
CSD LA Crew/Team 3 Dancer ğŸ©°
tsasm 29' 
ĞœĞµÑ€ĞµĞ¹",,art,2,false,2026-02-10T05:58:45.687+00:00
1eca839b-5fa8-431a-9168-ff0e2c7a0d63,14036602269,bccherrytree,rostin.borna21,rostin ğŸ”­,815,1633,12,false,false,"PCHS âš½ï¸
Can you give me one more day
Ù†ÙˆØ´Ø¯Ø§Ø±Ùˆ Ù¾Ø³ Ø§Ø² Ù…Ø±Ú¯ Ø³Ù‡Ø±Ø§Ø¨",,,2,false,2026-02-10T05:58:45.687+00:00
6ff7a158-5588-463f-9a58-471df22f7a4b,54323055275,bccherrytree,jonathankaldawi,Jonathan,236,384,6,false,true,,,,1,false,2026-02-10T05:58:45.687+00:00
bbf626df-00fa-459e-bd48-b2fd56ce4bb6,49150036605,bccherrytree,james_giesinger78,James,310,796,14,false,true,JR Kings 18s,,,1,false,2026-02-10T05:58:45.687+00:00
6c8507ef-c3bc-49a7-9b6b-e2f2f2d5817e,75470269568,bccherrytree,van_brunelle,van,290,535,1,false,true,,,,1,false,2026-02-10T05:58:45.687+00:00
1162a54b-e38c-40e8-8d40-c510c0278ecb,60461093885,bccherrytree,krabby_kai,Kai Kim,283,349,8,false,false,"Please fund my engineering addiction
@hypernova_robotics",,,1,false,2026-02-10T05:58:45.687+00:00
47841aa9-fb7f-43e1-b781-3ef6e3afbedc,44137039624,bccherrytree,solomon.skvirskiy,Solomon,839,489,3,false,false,@sr.digital.agency,,other business,2,false,2026-02-10T05:58:45.687+00:00
7e1e4d6b-2945-440a-b6d7-40bd5599ec52,60927389583,bccherrytree,yua0782,ìœ ì•„,63,66,0,false,false,,,,1,false,2026-02-10T05:58:45.687+00:00
8ff49317-9323-47e9-ba62-3bf987a8f59e,69452378579,bccherrytree,kyupea.181,gabpea,140,173,0,false,true,i donâ€™t know why i have this,,,1,false,2026-02-10T05:58:45.687+00:00
b0ebabdd-4404-446c-95ec-84ba10201955,50331373506,bccherrytree,hershey_316,Harshini Manikandan,399,396,1,false,true,"tsa â€˜26
@hersheyyyspamm 
@tsa.redcross",,,1,false,2026-02-10T05:58:46.324+00:00
b3ed47f9-e67a-4a4b-85c4-6b75e4e7c279,8618831876,bccherrytree,ellic.ekim,ellice ğŸŒ¨ï¸,602,495,2,false,false,"la
tsa | #2 vb varsity
frc 11024",,,1,false,2026-02-10T05:58:45.687+00:00
9fbc06a4-a8b1-42e5-ae02-d79bc999c766,52803007353,bccherrytree,dinklebamp_spam,Dinklebamp,272,453,117,false,true,"Photography/spam account for @tossed_boyhk
Digital Camera: Canon EOS R100, 18-45mm lens",,photography,2,false,2026-02-10T05:58:45.687+00:00
db8b5aba-669d-4644-a759-87cc9040f4b2,47328558421,bccherrytree,ayaka._.dv,Dasha Vitryanyuk,285,503,30,false,true,"dancer
tsa 27
#7 jv vb
varsity softball #15
varsity swim (backstroke/freestyle)
w/ @nnick.mm â¤ï¸
love my sister and my family ğŸ‡ºğŸ‡¦ğŸ‡·ğŸ‡º",https://linktr.ee/doOshaa,,2,false,2026-02-10T05:58:45.687+00:00
36c26045-b0ef-4000-aaec-f12230f210b2,13471301936,dennipics,ehdongus,ê¹€ë™í˜„,770,1013,20,false,true,,https://enter.imaginedragonsmusic.com/,music,3,false,2026-02-10T05:59:44.154+00:00
4578d725-7921-46c1-8550-a8f0bd05e153,60117500933,bccherrytree,dennipics,,120,98,22,false,false,,,,2,false,2026-02-10T05:58:46.897+00:00
b0b70164-daef-4cbc-886b-746af06500ce,39931629542,bccherrytree,strawberrycakepop44,tati,546,393,1,false,false,20 percent cooler,,,1,false,2026-02-10T05:58:46.897+00:00
5282798f-a609-4368-af20-609e9b398f3a,8678428089,bccherrytree,mdson.p,madi,1244,1014,0,false,false,,,,1,false,2026-02-10T05:58:46.897+00:00
f8014216-2f76-4ac1-9af0-ddf551059bd1,13921478069,bccherrytree,pay.tuna,payton,543,449,0,false,false,"physics
@fishyfish519",,,1,false,2026-02-10T05:58:46.897+00:00
3e62f823-9538-4747-a856-138a14d2e7fc,47012783781,bccherrytree,lily.kelsay,lily,1334,1179,5,false,false,"tsa 27â€™
vrc 334U | ai 8187S  programmer
#1 varsity captain ğŸ
la",,,1,false,2026-02-10T05:58:46.897+00:00
f73c8846-70bc-40b3-a1b2-76450f5e9b2a,51060620778,bccherrytree,__blinking_,aidan,537,734,0,false,true,"tsa 27
334y",,,1,false,2026-02-10T05:58:46.897+00:00
0f123826-9c81-419e-bcd4-858c5da82521,64295323036,dennipics,yun.timothy,Timothy Yun,804,1192,4,false,true,,,,1,false,2026-02-10T05:59:47.043+00:00
dd5cbc20-a46d-4386-b9e2-ee518e21bc21,53453683746,bccherrytree,dennista.gram,,205,229,2,false,false,"Geonhee (Dennis) Lee
@dennipics go follow my photography acc",,2,,false,2026-02-10T05:58:46.897+00:00
67e44bb0-230a-4e76-aaa3-479fa0c79e34,57715086538,bccherrytree,ryan_miba_lee,Ryan Lee (ì´ì„±ì¬),434,564,10,false,false,"TSASM â€˜26
SSP Biochem â€˜25",,,2,false,2026-02-10T05:58:46.897+00:00
0c18cc2c-a5ec-40a0-b2e9-3aa8c1b44f59,21879152728,bccherrytree,milena.karagezyan,Milena Õ„Õ«Õ¬Õ¥Õ¶Õ¡ ğŸ¤ğŸ•Š,306,457,2,false,true,âœ,,,1,false,2026-02-10T05:58:46.897+00:00
2903b117-e8ac-45dc-a595-8a0705883994,57953001194,bccherrytree,connor.smm,connor smith,174,161,0,false,false,@connorphotoroll,,2,,false,2026-02-10T05:58:46.897+00:00
48be8258-1bcd-4ad1-8560-747cb14d0c2f,52587303761,bccherrytree,reecexluna51,Reece Luna,650,1445,6,false,false,"TSA â€˜28
#6 varğŸ
FREE PALESTINE ğŸ‡µğŸ‡¸ğŸ‡µğŸ‡¸ğŸ‡µğŸ‡¸",,,1,false,2026-02-10T05:58:47.47+00:00
2864fff2-3d4c-4dd8-b256-fa8308db5bc2,45308419606,bccherrytree,uzziah898,Uzziah Torres,263,1332,4,false,false,"Leader of @tsa.christian.club 
God firstâœï¸",,,1,false,2026-02-10T05:58:47.47+00:00
352b8e76-d635-46b0-bce7-1818e647251a,57324886933,bccherrytree,jlee_0219,John Lee,201,222,0,false,true,Imagine using Instagram,,,1,false,2026-02-10T05:58:47.47+00:00
24bdc219-14a6-4f27-87ab-130406b2979f,16962633071,bccherrytree,d3_tommy_shin,Daniel Shin,682,1356,2,false,true,"TSA '26
#5 var ğŸ
#violin
ğŸ‡°ğŸ‡·/ğŸ‡ºğŸ‡²",,,1,false,2026-02-10T05:58:47.47+00:00
6be386f0-b53f-4aea-9847-75c115180b81,9248620566,bccherrytree,flynn.bau,Flynn,507,905,11,false,false,"@statemgmtla 
@statemgmt",https://www.tiktok.com/@flynn_b_,other business,4,false,2026-02-10T05:58:47.47+00:00
85828be6-9639-4f85-9a35-9c7f09f24c2f,38977933678,bccherrytree,cookie_flips_,Charlie Cooke,692,732,68,false,false,"Free Palestine ğŸ‡µğŸ‡¸ â€œlemme be frank? Tubby fuddo, the nameâ€™s Charlie.â€",,,2,false,2026-02-10T05:58:48.999+00:00
9f8b8f3d-e955-477b-922f-33180264b345,23438488186,bccherrytree,imnot.j3nifer,jenifer,435,374,21,false,true,,,,1,false,2026-02-10T05:58:48.999+00:00
a07e47c8-2f01-42d6-96ea-3f07ca5ce770,56702695250,bccherrytree,sshaiguy,Shai Lang,202,253,0,false,true,,,,1,false,2026-02-10T05:58:48.999+00:00
1d1103fb-672c-4a2b-b42d-a9a92bfa5546,53456573695,bccherrytree,rowe.x.ming,Xavier Rowe,382,412,1,false,false,"ğŸ‡¹ğŸ‡¼ â€˜26
è•­é›ªæ˜",,,1,false,2026-02-10T05:58:48.999+00:00
223a68ce-5f32-48eb-b4bc-6b49f1a9a1de,4586561441,bccherrytree,dalesteyn819,hamdan khan,38,1442,0,false,true,,,,1,false,2026-02-10T05:58:48.999+00:00
47a9c7dc-e5da-4357-b740-d3302e65bc73,47443312147,dennipics,jakjoy019,jak,266,3375,36,false,true,We provide promotion services and all garented sarvic Promote it on @los.angeles.lifes,,other business,2,false,2026-02-10T05:59:44.154+00:00
e2e289eb-422b-4698-b4d3-34bcbe154ca2,58873321138,dennipics,annamintzz,Anna Siegel,859,894,0,false,true,"la
Barnard '29",,,1,false,2026-02-10T05:59:44.154+00:00
d6d2b897-081a-4ce0-b5bf-45f86919c823,9307413159,dennipics,keidynliu,Keidyn,1240,1037,1,false,true,San Marino,,,1,false,2026-02-10T05:59:44.154+00:00
80826c9a-a2df-4952-9606-f17c3ecf3733,51705315485,dennipics,yuseongrog06,ì„±ë¡,264,416,2,false,false,,,,1,false,2026-02-10T05:59:44.154+00:00
601fab3f-40db-4f07-a847-0dd1c7bd3b52,12288653512,dennipics,t4l_b3sin,ì£¼ì•ˆ / TAL$IN,950,895,26,false,false,"ğŸ”@jordan_90ts_4.silly
ğŸ‘Ÿ@forest_shoe4",,,2,false,2026-02-10T05:59:44.154+00:00
3dd78e34-068a-4f61-b705-97e88944cdbb,7605712330,dennipics,sxnamk_,,231,243,0,false,true,,,,1,false,2026-02-10T05:59:44.154+00:00
f3331ff2-f870-4511-9fcd-44e5f15719cf,49342423213,dennipics,meanxime,á´¹á´µá´ºá´¶á´¼á´¼,2317,2866,77,false,false,@ignotionstart,,,2,false,2026-02-10T05:59:44.154+00:00
45096b55-7e46-43c0-b07c-2e6a4b57ba78,42099367158,dennipics,joyjleee,Joy Lee,746,745,1,false,true,"Troy '26
Isaiah 43:2",,,1,false,2026-02-10T05:59:44.154+00:00
5c823731-1d5a-4fbb-b7c4-c02e5f96765d,74710262388,dennipics,tsdby_hk.priv,Harry Kim,56,64,0,false,true,priv acc for @tossed_boyhk more personal posts,,,1,false,2026-02-10T05:59:44.154+00:00
315fd649-d8aa-495c-8fb9-35f5d55a2427,64981174389,dennipics,nux.1s,ì†ì‹œì€,40,45,1,false,false,,,,1,false,2026-02-10T05:59:44.154+00:00
ca422c7d-310e-4c38-8776-21e1d8817b5e,73797965467,dennipics,katie4_hs.vp,,104,185,9,false,false,"@its_katie17_lol 
Want your voice to be heard? Vote Katie Lee for HS VP!",,,1,false,2026-02-10T05:59:44.801+00:00
dc7b5dce-2370-4b55-9a46-7a2725733d72,65090590196,dennipics,hqn.st3lla,stella,473,572,0,false,true,"tsa ğŸŠâ€â™€ï¸
@buldakmasisseo",,,1,false,2026-02-10T05:59:44.801+00:00
e435bb7e-50bf-4c91-a504-d7dd83418693,41538050725,dennipics,yerim_0527,ì˜’,146,104,9,false,false,,,,1,false,2026-02-10T05:59:44.801+00:00
7d3189b5-e690-4b7a-b62a-45730b43256f,9041988075,dennipics,vidrioim,,45,47,62,false,true,,,,1,false,2026-02-10T05:59:44.801+00:00
7ed5fb85-9105-4faa-b7a4-343d5882a1f4,54323055275,dennipics,jonathankaldawi,Jonathan,236,384,6,false,true,,,,1,false,2026-02-10T05:59:44.801+00:00
a6e66ba9-b185-4d96-bc6d-88bb3bcb3ec5,65715425003,dennipics,flicksby_emma,emmaâ€™s flicks â˜†å½¡,119,113,76,false,false,@emma_sumie,,,2,false,2026-02-10T05:59:44.801+00:00
c5849d23-353d-4262-b022-f5469098e13d,5342650880,dennipics,tristan._.carie,Tristan,328,390,1,false,false,,,,1,false,2026-02-10T05:59:44.801+00:00
63243a03-a5c9-471f-b8b1-8d9acb4450a4,63336020335,dennipics,emma_sumie,emma matsubayashi,1090,1018,14,false,false,sphs,,,2,false,2026-02-10T05:59:44.801+00:00
e4ba6181-6dbe-42fb-9f86-70c224a6a99f,51285262126,dennipics,_jaydenlee._,jayden,452,574,0,false,true,SPHS 2027,,,1,false,2026-02-10T05:59:44.801+00:00
67aa742e-9abb-42ac-a433-ba05b9ec8a1d,11898926645,dennipics,manainoue_,mana,955,1005,5,false,true,la | csulb,,,1,false,2026-02-10T05:59:44.801+00:00
1b315316-3d9c-45e2-9078-95834303cd1a,14445956184,dennipics,_vvero,,1132,1063,1,false,true,,,,1,false,2026-02-10T05:59:44.801+00:00
e1866ac4-0eae-4b16-8484-475d54831b20,52123607718,dennipics,emma.b_sm,Emma Bao,483,473,0,false,true,"Ashbury â€˜26
@emmabao.eq",,,1,false,2026-02-10T05:59:44.801+00:00
457e4f98-d24d-452d-857a-b5d744d393b9,27182714927,dennipics,emmabao.eq,Emma Bao,1685,1076,36,false,false,ğŸ‡ºğŸ‡¸ğŸ‡¨ğŸ‡¦,,,2,false,2026-02-10T05:59:44.801+00:00
62610468-4fa4-4c23-a27b-5f1b8b983bdf,44376367176,dennipics,its_katie17_lol,katie,573,1208,3,false,true,"Psalm 73 : 26
tsa '28
#27 ğŸ",,,1,false,2026-02-10T05:59:44.801+00:00
033ebb3f-1c64-43b5-8268-e126e9bfd9c8,35361419728,dennipics,dpspomegranate,Jacob Kim,108,774,1,false,true,ğŸ›°ï¸Ë– * à£ª à¹‹à£­Â  à£ª Ë– âŸ¡â‚ŠËšâ€¢ | @ucsc â€˜29,,,1,false,2026-02-10T05:59:47.043+00:00
3d840a53-6ad6-4072-b13e-b4f9159db6a1,17825933702,dennipics,taylorn4gamine,taylor n,1376,1296,6,false,false,"venice | ucsd
ğŸµâ‹†ï½¡Â°ğŸ¡Â°â‹†. à¿”*:ï½¥",,,1,false,2026-02-10T05:59:47.043+00:00
8b10ae01-204e-4b83-9bfd-31f8853293ea,41674150733,bccherrytree,teddych_,ted chung,593,1007,0,false,false,@hallyuapparel.co,,,1,false,2026-02-10T05:58:46.897+00:00
64948898-a5a8-4c5c-b827-e16ff18eecad,13854066112,bccherrytree,jericho.kdh,jericho,718,648,0,false,false,â€œChange your profile pictureâ€,,,1,false,2026-02-10T05:58:46.897+00:00
c2b5951a-511f-4579-ae56-8b93c84eceb9,38587591893,dennipics,haileyyyeeee,Hailey,413,503,0,false,true,@haileychurl,,,1,false,2026-02-10T05:59:47.606+00:00
b177d943-5296-412f-953c-b750964ad2f5,63131368089,dennipics,scacadgossip,The hacker,96,301,0,false,true,POSTS WILL BE TAKEN DOWN 15 MINUTES AFTER BEING POSTED.,https://forms.gle/17zEqASTa88W8uqB6,,1,false,2026-02-10T05:59:47.606+00:00
4d95972b-df25-49b9-8c21-42ccf5167c44,59808562460,bccherrytree,tunaeater9009,patuna,119,113,3,false,false,"@wimopatuna - main account!!
camera setup:
-Fujifilm XA3 24.3 MP Mirrorless Camera
-16-50mm f3.5-5.6 OIS Fujifilm Lens
-128 GB SSD",,,1,false,2026-02-10T05:58:46.897+00:00
8e29ff9b-a396-4456-83bc-0d5253c86d26,11916219500,dennipics,usueuo,Sue ì˜¤ìˆ˜ì§„,346,362,1,false,true,,,,1,false,2026-02-10T05:59:47.043+00:00
82ee43ad-10dc-4cc5-9416-a8dc98b8bf6e,51060620778,dennipics,__blinking_,aidan,537,734,0,false,true,"tsa 27
334y",,,1,false,2026-02-10T05:59:47.606+00:00
8a8b910d-5918-4f9e-bde0-0707cd6a5187,13854066112,dennipics,jericho.kdh,jericho,718,648,0,false,false,â€œChange your profile pictureâ€,,,1,false,2026-02-10T05:59:47.606+00:00
8a51a5d6-4796-43d9-ae8c-e024e9c76454,5780786937,dennipics,l_.livingston,Laura,1014,986,42,false,false,"w&m â€˜29
â™® @wmaccidentals â™®
@jasperkeysgravel",,,2,false,2026-02-10T05:59:49.876+00:00
733b29f6-b37b-477f-a267-67ee88dbe4f9,18382009634,dennipics,vikii.sun,Victoria Sun,705,757,1,false,true,"w&m â€˜29
@vik.ipoo",,,1,false,2026-02-10T05:59:47.606+00:00
4d3587ee-3c2d-4533-875c-d86c33546d50,41674150733,dennipics,teddych_,ted chung,593,1007,0,false,false,@hallyuapparel.co,,,1,false,2026-02-10T05:59:47.606+00:00
1886d891-0a1f-4a02-b256-2172df6b387c,25482834557,dennipics,_bkming,bryan kim,391,1439,0,false,false,,,,1,false,2026-02-10T05:59:47.606+00:00
1b9dab01-332d-460e-9f1c-4d931d25a8ef,50511501563,dennipics,katheriney.lee,katherine,941,934,2,false,true,la | @uofpenn â€˜30,,,1,false,2026-02-10T05:59:49.876+00:00
47cc2906-126b-47e9-8983-b47a1664efe3,52452872582,dennipics,0000comptine,aiden ro,514,481,0,false,true,"ğŸ‡»ğŸ‡¦
Revelations 22:21",,,1,false,2026-02-10T05:59:47.606+00:00
9f6533ee-587f-4658-9b29-a86dbb46b76c,56848245140,bccherrytree,benjamin_story_,Ben Story,188,246,0,false,false,,,,1,false,2026-02-10T05:58:46.897+00:00
8db6d80a-935a-431a-86ae-460b7f6c20cb,53299021029,bccherrytree,tanishgavijay,tanish,1308,1030,3,false,true,clt | ncssm,,,1,false,2026-02-10T05:58:46.897+00:00
23d9b8bd-6bdf-4208-8777-6a6c066e1226,55687944953,bccherrytree,duncan.schh,duncan,476,467,1,false,false,Free Palestine ğŸ‡µğŸ‡¸ğŸ‡µğŸ‡¸,,,1,false,2026-02-10T05:58:47.47+00:00
63770b9d-d1bb-4813-ad66-1887b4a4b2b5,66684890310,dennipics,moshi_moshi_20,yoshiko madison,1295,1291,7,false,true,"@uclaseis 29 
Sewing Account: @madi.sewn
å¤©ç†æ•™",,fashion,1,false,2026-02-10T05:59:47.043+00:00
96bfe84c-6d5e-472a-a277-28bd0724f5c4,8618831876,dennipics,ellic.ekim,ellice ğŸŒ¨ï¸,602,495,2,false,false,"la
tsa | #2 vb varsity
frc 11024",,,1,false,2026-02-10T05:59:47.043+00:00
57618de4-d0e9-4718-9d7e-1cb0d322b8c9,317284860,dennipics,gokizuna,Kizuna,3069,1176,1176,false,false,"Building a future for our community through the education, empowerment, and engagement of the next generation.",http://bio.site/kizuna/,education,4,false,2026-02-10T05:59:47.043+00:00
161517e2-7713-45a2-a82f-eb1181408ece,61160724835,dennipics,kay.akermann,Kay Akerman,1002,1016,0,false,false,,,,1,false,2026-02-10T05:59:47.043+00:00
0aa26f1f-10b9-432f-a4d9-8e355e594bd2,36367773819,dennipics,cal_lesher,Cal Lesher,619,1000,32,false,false,LA | Northeastern | @neuclubtkd | Avid Knitter(@calknitts),,,2,false,2026-02-10T05:59:47.043+00:00
2bc1cec7-100e-43a7-8bc0-225b0230d0e5,12851890839,dennipics,manuelakim2,Manuela Kim,13,41,40,false,true,,,,1,false,2026-02-10T05:59:47.043+00:00
b9d5f61f-ee0b-4b9f-ba14-c0928316bd55,48918230555,dennipics,zach_of_all_trad3s,zach,489,561,21,false,true,,,,1,false,2026-02-10T05:59:47.043+00:00
35d3afeb-df68-4f17-8008-56456e63f12a,66865394395,dennipics,zach.4.prez,Zach Miller,97,197,5,false,true,,,,1,false,2026-02-10T05:59:47.043+00:00
6cd4309c-b257-451c-aca8-dc9557a63ced,59479546344,dennipics,eric.chung010,eric chung,329,382,0,false,true,"if anyone needs Chem help: 
@chemistreveryday",,,1,false,2026-02-10T05:59:47.043+00:00
274faaf3-0237-4f45-a2ba-be4007afe1c9,16157717953,dennipics,jooleeuhh_,ğ£ğ®ğ¥ğ¢ğš ğœ—à§,199,249,0,false,true,"olu â€˜26
â€” Matthew 11:28ğŸ§¸ğŸ¤",,,1,false,2026-02-10T05:59:47.043+00:00
7870775d-206d-42c7-b702-22fabb8b5a1e,6826005402,dennipics,jun._.jj,Jun Jung,490,641,30,false,false,spam: @jujus_bizarreadventure,,,2,false,2026-02-10T05:59:47.043+00:00
f20778bc-adf4-40b0-9a3c-f55745c2d480,62430544058,dennipics,__hw.4n,Ryan,761,724,3,false,true,"@_ryan._.spam 
ğŸ‡°ğŸ‡·ğŸŸ",,,1,false,2026-02-10T05:59:47.043+00:00
42484a84-1744-4e00-a9d7-428bd642019f,50331373506,dennipics,hershey_316,Harshini Manikandan,399,396,1,false,true,"tsa â€˜26
@hersheyyyspamm 
@tsa.redcross",,,1,false,2026-02-10T05:59:47.043+00:00
cd1b6b09-c3b1-4a5b-8903-91132cd2448c,63876494633,dennipics,d.taehan.xlim,TLK,942,1640,0,false,true,"ğŸ‡°ğŸ‡·
â™±- Proverbs 17:17",,,1,false,2026-02-10T05:59:47.043+00:00
2c0b2131-e17b-408f-9327-4425f3a231f1,55627866837,bccherrytree,jasperhalk,Jasper Halkowich,345,699,2,false,true,Larchmont â€˜26,http://halkowich.com,,1,false,2026-02-10T05:58:46.897+00:00
0305cb8c-7634-49c9-9eb3-944e123ad231,49448753696,dennipics,terriuskim5,terry,466,575,0,false,true,"tsa 26
@hallyuapparel.co",,,,false,2026-02-10T05:59:47.606+00:00
c66b4d1d-892a-421c-a52a-242c66febb1c,37778317146,dennipics,iden.stein,Iden Stein,477,502,0,false,true,"tsa '26
ğŸ‡ºğŸ‡¸ğŸ‡°ğŸ‡·",,,,false,2026-02-10T05:59:47.606+00:00
e3c474de-74df-42e1-a851-4e5e68116335,45768564896,dennipics,thanuj_kr,thanuj komatireddy,694,729,0,false,false,los angeles & berkeley,,,,false,2026-02-10T05:59:47.606+00:00
8871df4b-c933-4db4-bca8-a0d662846904,60356378764,dennipics,jor_2322,jordan rowe,360,494,0,false,true,,,,1,false,2026-02-10T05:59:47.606+00:00
5d260273-3e00-48c1-a07f-12e8708ed46b,51229250990,dennipics,bccherrytree,Ben,89,107,0,false,false,TSA â€˜26,,,,false,2026-02-10T05:59:47.606+00:00
5077b2fc-8e7d-4111-82e0-b4d805221032,60461093885,dennipics,krabby_kai,Kai Kim,283,349,8,false,false,"Please fund my engineering addiction
@hypernova_robotics",,,1,false,2026-02-10T05:59:49.876+00:00
5ecfd70c-67ae-4906-866d-504869b9b595,44137039624,dennipics,solomon.skvirskiy,Solomon,839,489,3,false,false,@sr.digital.agency,,other business,2,false,2026-02-10T05:59:47.606+00:00
7cb02162-c709-486a-964c-ad04c7cf83cd,69452378579,dennipics,kyupea.181,gabpea,140,173,0,false,true,i donâ€™t know why i have this,,,1,false,2026-02-10T05:59:44.801+00:00
e00a3f11-cc02-4a84-b848-bd2c180b695c,47212313410,dennipics,whoseremein,ser,583,445,0,false,false,@seremeinnn,,,1,false,2026-02-10T05:59:49.876+00:00
5f19f4a5-3c46-4e19-a598-42aed3ccf9dd,1992148716,dennipics,calitoywon,,56,200,121,false,true,,,,,false,2026-02-10T05:59:49.876+00:00
047253a1-b560-428c-bd85-4ffd703315eb,57943642742,dennipics,edwin.kimmm,ê¹€ì¥í›ˆ,223,252,1,false,false,"Freelancer. Brand Scaler.
Turning clicks into clients ğŸ’°
@ek.mediascaling",,,,false,2026-02-10T05:59:49.876+00:00
f3710f08-89ad-46ce-84b8-a6ad2863d58c,26557176841,dennipics,gracieshannonsanborn,gracie,316,252,0,false,true,ğŸŒŒğŸï¸ğŸŒ…,,,1,false,2026-02-10T05:59:47.606+00:00
7e8ebe6a-e928-4413-9a2a-33155bbcd9b5,50356740566,dennipics,jasonpak512,Jason Pak,366,697,0,false,true,Hello my name is Jason. UB 2028,,,,false,2026-02-10T05:59:49.876+00:00
7543d381-9a78-4e3b-bcdd-926a0b85ad23,25571550756,bccherrytree,whalenapper,Esther,768,623,3,false,false,"usma '30
art @kenyart.i",,art,2,false,2026-02-10T05:58:46.897+00:00
4d913b0b-e547-486e-80bc-9436aef94242,25571550756,dennipics,whalenapper,Esther,768,623,3,false,false,"usma '30
art @kenyart.i",,art,2,false,2026-02-10T05:59:47.606+00:00
017a55a5-cf52-49ea-9945-2f8ce7c37cb9,62183928759,dennipics,pizzamanwithacam,Caleb,192,231,57,false,false,Website coming soon,,,2,false,2026-02-10T05:59:47.606+00:00
322989ba-ada3-4b44-b725-3a0bb57a5156,60927389583,dennipics,yua0782,ìœ ì•„,63,66,0,false,false,,,,1,false,2026-02-10T05:59:44.154+00:00
e85bdea3-4a8f-4849-8072-c911ee2c63f9,54150596537,bccherrytree,bignick_runs,Nikhil Altamirano,418,618,1,false,true,,,,,false,2026-02-10T05:58:48.999+00:00
c9c13ec1-e723-4310-b54f-1ba8b588b00f,52573979187,dennipics,09151118_,á•±â‘…á•±,486,464,0,false,true,,,,1,false,2026-02-10T05:59:44.154+00:00
52135525-72f1-42c0-ac4a-e6ad268470ca,53563716673,dennipics,travelwithzafi,ğŸ¬  ğŸ€  ğ’µğ’¶ğ’»ğ’¾  ğŸ€  ğŸ¬,246,363,14,false,false,"á¥«á­¡ ğ…ğ¨ğ¨ğ & ğ“ğ«ğšğ¯ğğ¥ğ¬
ğŸ‚ğŸ˜ğŸ¡/ğŸ™ğŸ˜
ğŸ©·ğ‹ğ¨ğ§ğğ¨ğ§, ğ”ğŠ
ğ•€ â¤ï¸ ğ•„ğ•’ğ•ğ•¥ğ•–ğ•¤ğ•–ğ•£ğ•¤ ğ•”ğ•™ğ• ğ•”ğ• ğ•ğ•’ğ•¥ğ•–",,,2,false,2026-02-10T05:59:44.154+00:00
66b3b39f-ca19-4c32-9dda-27eac50c2481,58702607051,dennipics,shoobeanie,shubhi,312,1448,43,false,true,"ã…¤    ğŸˆ ğŸ°ğŸ®
  á¡£ğ­© artist à´¦àµà´¦à´¿ â€¢â©Šâ€¢ )
ã…¤à­¨à§   vnhs . â™¬ İË–",,,2,false,2026-02-10T05:59:44.154+00:00
8e5fc1e8-d083-405f-b87d-b18f0a8a15af,52923992139,dennipics,julzzzzz03,Julian Gerber,368,433,0,false,false,CalYC 420â›µï¸,,,1,false,2026-02-10T05:59:49.876+00:00
3b0f35f7-3c4d-4fb5-a107-f25d9bdbcd9f,52803007353,dennipics,dinklebamp_spam,Dinklebamp,272,453,117,false,true,"Photography/spam account for @tossed_boyhk
Digital Camera: Canon EOS R100, 18-45mm lens",,photography,2,false,2026-02-10T05:59:49.876+00:00
76ea55af-ad20-4fc3-a14b-f5a4dbc6dc12,58274023826,dennipics,red.hot.gilli.pepper,Gillian Nail â€¢ ìœ ë¯¼,500,1046,90,false,true,"CA | ğŸ‡°ğŸ‡· | ğŸ’–ğŸ’œğŸ’™
ğŸŒ¸Food Science Major
ğŸŒŸDancer, Bookworm, STEM girl ğŸ©°ğŸ“šğŸ§¬ #42
ğŸ‚@gillibean.bakes",,,1,false,2026-02-10T05:59:47.606+00:00
fb82c653-aae6-43c4-8b3d-da3b4918ffdc,57665495492,dennipics,skymartialarts_la,Sky Martial Arts LA,346,119,137,false,false,"Tae Kwon Do training center.
Check website for more info!
Feel free to email, call, or DM us!",https://www.skymartialarts.net/,exercise,4,false,2026-02-10T05:59:47.043+00:00
1aa32286-a4c8-4851-b069-c74ecca96802,62033905688,dennipics,laadag7,Uuganbaatar,334,763,4,false,false,ğŸ•°ï¸,,,1,false,2026-02-10T05:59:44.154+00:00
bce4aeb2-779d-4c40-9480-8117b86c6a1a,61229903713,dennipics,mirayaliza,Mireille Elizabeth Yankelevich,1071,1849,26,false,true,"ğŸ‡®ğŸ‡±ğŸ‡ºğŸ‡¦ğŸ‡ºğŸ‡¸  âœ¡ï¸
CSD LA Crew/Team 3 Dancer ğŸ©°
tsasm 29' 
ĞœĞµÑ€ĞµĞ¹",,art,2,false,2026-02-10T05:59:44.154+00:00
259611f7-4260-43d9-81ee-9ba10770d0d1,4843141858,bccherrytree,bunbunemii,emily guo,494,513,1,false,true,"sa â€™26
ğŸ‡°ğŸ‡­(à¹‘ï½¥Ì‘â—¡ï½¥Ì‘à¹‘)ğŸ‡¨ğŸ‡³ 
@emenemeny.y 
i like cats and making thingsğŸ˜¼ ğŸ§¶ ğŸ¸",,,1,false,2026-02-10T05:58:46.897+00:00
a56cf4bf-8865-4e3b-82ae-4633cb8a9826,4843141858,dennipics,bunbunemii,emily guo,494,513,1,false,true,"sa â€™26
ğŸ‡°ğŸ‡­(à¹‘ï½¥Ì‘â—¡ï½¥Ì‘à¹‘)ğŸ‡¨ğŸ‡³ 
@emenemeny.y 
i like cats and making thingsğŸ˜¼ ğŸ§¶ ğŸ¸",,,1,false,2026-02-10T05:59:49.876+00:00
e3b58505-8693-4418-b0db-d897b295555a,61524964455,bccherrytree,sciacad.kiwins,Science Academy KIWIN'S,74,116,3,false,false,"Meetings every other Friday, lunch, in Ms. Butler's classroom.
Follow for updates.
Feel free to DM for questions!",https://docs.google.com/forms/d/e/1FAIpQLSeA1-INIhYAe0TNz9T9vivbYm5lIHvH5zqjw1J2b-UrsJELHQ/viewform,education,3,false,2026-02-10T05:58:47.47+00:00
d6924764-6cc2-49b6-b2f6-a472e0fa90e6,66507922254,dennipics,diao.6187,ì´ì¤€ì˜,101,121,3,false,true,#entp,,,1,false,2026-02-10T05:59:44.154+00:00
5808a2de-5fdb-4ffa-989c-db5a6bf528b4,52912366232,dennipics,ouo.__.5959,ì–´ì©Œë¼ê³ ,300,290,2,false,true,ğŸ¤«@an_extreme_secret,,,1,false,2026-02-10T05:59:44.801+00:00
235da40e-5971-4193-9d32-6b43385cf6f2,57213407972,dennipics,gae_saekkiya,Thanathai Siripopungul,287,502,11,false,true,"drifting away ğŸ¥›ğŸ¸ 
a fellow traveler ğŸ“¸ğŸ¡
a special thank you to axe-throwing ğŸ™ğŸª“
â€œMany places the wind finds / A music is easily madeâ€
ğŸ­ğŸ¦‚ğŸ¦­ğŸ‘§",,,1,false,2026-02-10T05:59:44.801+00:00
bafd6fc7-1f52-4870-a1c1-beaf5e398e32,31603020745,dennipics,kateecasillas,Kate,487,466,2,false,true,"ğŸ“½ï¸ğŸª·ğŸª½
To thine own self be true",,,1,false,2026-02-10T05:59:44.801+00:00
0b21e63e-7a72-44f9-b109-c09f4837f63f,61292994340,dennipics,awakenedasian,jonah lee,631,1175,22,false,false,"i might like volleyball | THP Athlete
Romans 12:2 âœğŸ™Œ
@exc_423 >>>
@mnikolow1 ğŸ—£ï¸ğŸ”¥",,,2,false,2026-02-10T05:59:44.801+00:00
e1565eb3-98af-4187-b93d-74f81ebe3776,69398510251,dennipics,tsa.redcross,TSA Red Cross Club,114,126,40,false,false,"ğŸ“Œ Volunteer, learn about CPR, First Aid, Disaster Prep
ğŸ“Œ Every Tuesday in Ms. Geiko's room (N301)
ğŸ“Œ Resources & sign-ups! â¬‡ï¸",https://docs.google.com/forms/d/e/1FAIpQLSe3uT3aEYzZ5v76t0eBRlHtwww0jxzuKk5q8RQMrBAiFxhcYA/viewform,health,4,false,2026-02-10T05:59:47.043+00:00
44aaeba0-f003-44b9-be5d-c5034ce77e71,67663517358,dennipics,picturedbygracie,gracie,47,10,6,false,false,"ğŸ“socal
ğŸ“¸: sony a6400, nikon coolpix b500",,,1,false,2026-02-10T05:59:47.043+00:00
2e99a3e2-7682-4ffa-ac52-a169706c8904,50780556015,dennipics,jj.desloo,Jade loomis,646,3915,3,false,false,"JMHS 27â€™
âœ¡ï¸
17 yo
Pfp by @picklespgp",,,1,false,2026-02-10T05:59:47.043+00:00
75f9e3cb-c844-42f4-bc17-9c9085fd76c6,50057497511,dennipics,penhas4vp,PENHAS 4 VP,91,244,8,false,false,"@ryan_penhas 
election day: may 31
science academy STEM magnet",,education,2,false,2026-02-10T05:59:47.043+00:00
f0a7313e-1ed4-4800-85ba-6020fcc34f63,9369120707,dennipics,starryscorpio123,Alice Van,530,812,37,false,true,"j <3
ğŸ¸ğŸ–¤
á¢áŸ’á“á€áŸáŸ’ášá¡á¶á‰áŸ‹á†áŸ’á˜á¶",,,1,false,2026-02-10T05:59:47.043+00:00
b23fd416-71a5-4a99-8159-bfc92b08acf2,1271186285,dennipics,jayleepd,Jay Lee,3447,1014,1759,true,false,"å‰ Broadcast Producer
ç¾ ì˜ì–‘ì¶•ì œê´€ê´‘ì¬ë‹¨ êµ­ì¥
400ë…„ ê³ íƒ 
'ìŠ¤í…Œì´ì˜ì–‘' ìš´ì˜ @stay_yeongyang
ë°±íŒ¨ì»¤ë“¤ì˜ Eco-friendly gathering
'ë¼ì´íŠ¸ì•„ì›ƒíŠ¸ë ˆí‚¹ ìš´ì˜' @lot_trekking 
íƒ„ì†Œì¤‘ë¦½ì„ ìœ„í•´ ë…¸ë ¥í•˜ëŠ” ì§€êµ¬ì¸",,other business,4,false,2026-02-10T05:59:47.043+00:00
ea21431f-e80d-463e-9d89-d779ec3123db,37504774393,dennipics,nookified,luke í™©,255,342,4,false,false,"â€˜08
@nookshakecannons",,,1,false,2026-02-10T05:59:47.606+00:00
9b764e69-4e88-4722-b11f-699f36289470,55627866837,dennipics,jasperhalk,Jasper Halkowich,345,699,2,false,true,Larchmont â€˜26,http://halkowich.com,,1,false,2026-02-10T05:59:47.606+00:00
fd4ab7e2-15a9-45cb-b829-bd11756d7273,56336952852,bccherrytree,jazzkitmejia,Jasper Mejia,449,636,6,false,true,"TSA 26â€™
MMA ğŸ¥‹
Basketball ğŸ€
Drummer ğŸ¥ Bass guitar ğŸ¸
Video Editor ğŸ“¸",,,1,false,2026-02-10T05:58:47.47+00:00
9c252b25-8fd7-4d1d-a324-bac5b8fc040e,56336952852,dennipics,jazzkitmejia,Jasper Mejia,449,636,6,false,true,"TSA 26â€™
MMA ğŸ¥‹
Basketball ğŸ€
Drummer ğŸ¥ Bass guitar ğŸ¸
Video Editor ğŸ“¸",,,1,false,2026-02-10T05:59:47.606+00:00